{
  "L_200_K_8": {
    "sigma2_mean": 0.24018660287062327,
    "sigma2_sd": 0.010507652194222538
  },
  "L_200_K_16": {
    "sigma2_mean": 0.22533481965462368,
    "sigma2_sd": 0.006871734871256552
  },
  "L_200_K_32": {
    "sigma2_mean": 0.22764414697885513,
    "sigma2_sd": 0.0041976759408920905
  },
  "L_200_K_48": {
    "sigma2_mean": 0.22705253710349402,
    "sigma2_sd": 0.0027394663378032752
  },
  "L_200_K_64": {
    "sigma2_mean": 0.22733825395504634,
    "sigma2_sd": 0.0022286043610412493
  },
  "L_400_K_8": {
    "sigma2_mean": 0.1371016852557659,
    "sigma2_sd": 0.007931167552698277
  },
  "L_400_K_16": {
    "sigma2_mean": 0.11773076603809993,
    "sigma2_sd": 0.00329483476281673
  },
  "L_400_K_32": {
    "sigma2_mean": 0.11548206731677055,
    "sigma2_sd": 0.00205148056781573
  },
  "L_400_K_48": {
    "sigma2_mean": 0.11549157723784446,
    "sigma2_sd": 0.0013528290574147436
  },
  "L_400_K_64": {
    "sigma2_mean": 0.11555457040667534,
    "sigma2_sd": 0.001404987019088162
  },
  "L_800_K_8": {
    "sigma2_mean": 0.08275649150212606,
    "sigma2_sd": 0.003384379811358552
  },
  "L_800_K_16": {
    "sigma2_mean": 0.06242969545225303,
    "sigma2_sd": 0.0019542330654059373
  },
  "L_800_K_32": {
    "sigma2_mean": 0.05960984950264295,
    "sigma2_sd": 0.0012108607701963106
  },
  "L_800_K_48": {
    "sigma2_mean": 0.05874483771622181,
    "sigma2_sd": 0.0008374646397454143
  },
  "L_800_K_64": {
    "sigma2_mean": 0.058579436192909874,
    "sigma2_sd": 0.000651746464319752
  },
  "L_1000_K_8": {
    "sigma2_mean": 0.07256003220876057,
    "sigma2_sd": 0.0026728721719719126
  },
  "L_1000_K_16": {
    "sigma2_mean": 0.051470059404770535,
    "sigma2_sd": 0.0017494517622291352
  },
  "L_1000_K_32": {
    "sigma2_mean": 0.048486911505460736,
    "sigma2_sd": 0.0006354442801841595
  },
  "L_1000_K_48": {
    "sigma2_mean": 0.0471809022128582,
    "sigma2_sd": 0.0005472645570328849
  },
  "L_1000_K_64": {
    "sigma2_mean": 0.04714602902531624,
    "sigma2_sd": 0.0005073420313419644
  }
}
