branch	background_score	logit_mean	is_terminal	selected_foreground	EII_z	EII_01	identifiable_bool	identifiability_extent
taxonA	0.09794111549854279	-2.220313310623169	True	True	0.6694654860862393	0.6613834622654045	False	weak_or_ambiguous
taxonB	0.10566294193267822	-2.1358284950256348	True	True	0.6694654860862393	0.6613834622654045	False	weak_or_ambiguous
taxonC	0.09732086211442947	-2.227353811264038	True	True	0.6694654860862393	0.6613834622654045	False	weak_or_ambiguous
