{
  "L_200_K_8": {
    "sigma2_mean": 0.2420881630561054,
    "sigma2_sd": 0.012333388009309613
  },
  "L_200_K_16": {
    "sigma2_mean": 0.2263275778150305,
    "sigma2_sd": 0.006346091993212167
  },
  "L_200_K_32": {
    "sigma2_mean": 0.2270608632828519,
    "sigma2_sd": 0.0045501784433033075
  },
  "L_200_K_48": {
    "sigma2_mean": 0.2271220857203766,
    "sigma2_sd": 0.003063101208038896
  },
  "L_200_K_64": {
    "sigma2_mean": 0.22744359947951334,
    "sigma2_sd": 0.002553938279555238
  },
  "L_400_K_8": {
    "sigma2_mean": 0.13709426861239116,
    "sigma2_sd": 0.007209711474033742
  },
  "L_400_K_16": {
    "sigma2_mean": 0.11841003744770623,
    "sigma2_sd": 0.003164370641754922
  },
  "L_400_K_32": {
    "sigma2_mean": 0.11600207573428203,
    "sigma2_sd": 0.0022123486925326574
  },
  "L_400_K_48": {
    "sigma2_mean": 0.11543613572059438,
    "sigma2_sd": 0.0014803632433300115
  },
  "L_400_K_64": {
    "sigma2_mean": 0.11567751863072266,
    "sigma2_sd": 0.0012435556577009546
  },
  "L_800_K_8": {
    "sigma2_mean": 0.08273496049317697,
    "sigma2_sd": 0.0032585296432692083
  },
  "L_800_K_16": {
    "sigma2_mean": 0.062599034851493,
    "sigma2_sd": 0.0016447439734493983
  },
  "L_800_K_32": {
    "sigma2_mean": 0.05990190950262865,
    "sigma2_sd": 0.0012152821808230916
  },
  "L_800_K_48": {
    "sigma2_mean": 0.05874761414084862,
    "sigma2_sd": 0.000737345250782738
  },
  "L_800_K_64": {
    "sigma2_mean": 0.05852356498334186,
    "sigma2_sd": 0.0006060719776696546
  },
  "L_1000_K_8": {
    "sigma2_mean": 0.07225202115275983,
    "sigma2_sd": 0.0026400610083623798
  },
  "L_1000_K_16": {
    "sigma2_mean": 0.051492932547420295,
    "sigma2_sd": 0.0015228765421634936
  },
  "L_1000_K_32": {
    "sigma2_mean": 0.04854014236325736,
    "sigma2_sd": 0.0008230489511163086
  },
  "L_1000_K_48": {
    "sigma2_mean": 0.047342338301659834,
    "sigma2_sd": 0.0006283041433413485
  },
  "L_1000_K_64": {
    "sigma2_mean": 0.047120536779625216,
    "sigma2_sd": 0.0005072707011296747
  }
}