branch	background_score	logit_mean	is_terminal	selected_foreground	EII_z	EII_01	identifiable_bool	identifiability_extent
taxon01	0.08020498603582382	-2.4395651817321777	True	True	0.0	0.5	False	weak_or_ambiguous
taxon02	0.08020498603582382	-2.4395651817321777	True	True	0.0	0.5	False	weak_or_ambiguous
taxon03	0.07744468003511429	-2.477583408355713	True	True	0.0	0.5	False	weak_or_ambiguous
taxon04	0.07876268029212952	-2.4592783451080322	True	True	0.0	0.5	False	weak_or_ambiguous
taxon05	0.08020498603582382	-2.4395651817321777	True	True	0.0	0.5	False	weak_or_ambiguous
taxon06	0.08020498603582382	-2.4395651817321777	True	True	0.0	0.5	False	weak_or_ambiguous
taxon07	0.07876268029212952	-2.4592783451080322	True	True	0.0	0.5	False	weak_or_ambiguous
taxon08	0.08020498603582382	-2.4395651817321777	True	True	0.0	0.5	False	weak_or_ambiguous
