branch	background_score	logit_mean	is_terminal	selected_foreground	EII_z	EII_01	identifiable_bool	identifiability_extent
taxonA	0.10566294193267822	-2.1358284950256348	True	True	1.6863322855246874	0.8437412105542891	True	identifiable
taxonB	0.0839935839176178	-2.3892829418182373	True	True	1.6863322855246874	0.8437412105542891	True	identifiable
taxonC	0.0913088470697403	-2.297757625579834	True	True	1.6863322855246874	0.8437412105542891	True	identifiable
taxonD	0.09732086211442947	-2.227353811264038	True	True	1.6863322855246874	0.8437412105542891	True	identifiable
