branch	background_score	logit_mean	is_terminal	selected_foreground	EII_z	EII_01	identifiable_bool	identifiability_extent
taxonA	0.09794111549854279	-2.220313310623169	True	True	0.5193409335303226	0.6269936416198733	False	weak_or_ambiguous
taxonB	0.0913088470697403	-2.297757625579834	True	True	0.5193409335303226	0.6269936416198733	False	weak_or_ambiguous
taxonC	0.0901472195982933	-2.3118386268615723	True	True	0.5193409335303226	0.6269936416198733	False	weak_or_ambiguous
taxonD	0.0913088247179985	-2.297757863998413	True	True	0.5193409335303226	0.6269936416198733	False	weak_or_ambiguous
