site	site_score	site_logit_mean	site_logit_var	EII_z	EII_01	identifiable_bool	identifiability_extent
1	0.9998836517333984	9.068696975708008	0.018372587859630585	0.5193409335303226	0.6269936416198733	False	weak_or_ambiguous
2	0.9999806880950928	11.313422203063965	1.047242522239685	0.5193409335303226	0.6269936416198733	False	weak_or_ambiguous
3	0.9999882578849792	11.36694049835205	0.018372736871242523	0.5193409335303226	0.6269936416198733	False	weak_or_ambiguous
4	0.9999906420707703	11.914741516113281	1.0043714046478271	0.5193409335303226	0.6269936416198733	False	weak_or_ambiguous
5	0.9999813437461853	11.469937324523926	1.3901993036270142	0.5193409335303226	0.6269936416198733	False	weak_or_ambiguous
6	0.99993896484375	10.320818901062012	1.4391944408416748	0.5193409335303226	0.6269936416198733	False	weak_or_ambiguous
