site	site_score	site_logit_mean	site_logit_var	EII_z	EII_01	identifiable_bool	identifiability_extent
1	0.999849796295166	8.876605033874512	0.1397298127412796	0.0	0.5	False	weak_or_ambiguous
2	0.9998993277549744	9.583077430725098	0.6272611021995544	0.0	0.5	False	weak_or_ambiguous
3	0.9999184012413025	10.441462516784668	1.4866082668304443	0.0	0.5	False	weak_or_ambiguous
4	0.887301504611969	9.378081321716309	21.579763412475586	0.0	0.5	False	weak_or_ambiguous
5	0.8008202910423279	7.304406642913818	32.46306228637695	0.0	0.5	False	weak_or_ambiguous
6	0.8425414562225342	7.357491970062256	21.679391860961914	0.0	0.5	False	weak_or_ambiguous
