site	site_score	site_logit_mean	site_logit_var	EII_z	EII_01	identifiable_bool	identifiability_extent
1	0.9998738765716553	8.990440368652344	0.024496683850884438	1.6863322855246874	0.8437412105542891	True	identifiable
2	0.9999595880508423	10.13956069946289	0.04899381846189499	1.6863322855246874	0.8437412105542891	True	identifiable
3	0.9999866485595703	11.28868293762207	0.1224844679236412	1.6863322855246874	0.8437412105542891	True	identifiable
4	0.9999917149543762	12.384286880493164	1.6657893657684326	1.6863322855246874	0.8437412105542891	True	identifiable
5	0.9999752044677734	11.391680717468262	2.00874662399292	1.6863322855246874	0.8437412105542891	True	identifiable
6	0.9999331831932068	10.39907455444336	2.0087478160858154	1.6863322855246874	0.8437412105542891	True	identifiable
