site	site_score	site_logit_mean	site_logit_var	EII_z	EII_01	identifiable_bool	identifiability_extent
1	0.9998641014099121	8.91218376159668	0.018372513353824615	0.0	0.5	False	weak_or_ambiguous
2	0.9999558925628662	10.061304092407227	0.06736651808023453	0.0	0.5	False	weak_or_ambiguous
3	0.9999849796295166	11.13216781616211	0.04899381846189499	0.0	0.5	False	weak_or_ambiguous
4	0.9999873638153076	11.67996883392334	1.2922098636627197	0.0	0.5	False	weak_or_ambiguous
5	0.9999747276306152	11.235164642333984	1.5922986268997192	0.0	0.5	False	weak_or_ambiguous
6	0.9999144673347473	9.694758415222168	0.949256956577301	0.0	0.5	False	weak_or_ambiguous
