site	site_score	site_logit_mean	site_logit_var	EII_z	EII_01	identifiable_bool	identifiability_extent
1	0.9998673796653748	8.93826961517334	0.021774830296635628	0.6694654860862393	0.6613834622654045	False	weak_or_ambiguous
2	0.9999556541442871	10.035218238830566	0.021775096654891968	0.6694654860862393	0.6613834622654045	False	weak_or_ambiguous
3	0.999983549118042	11.027824401855469	0.021774964407086372	0.6694654860862393	0.6613834622654045	False	weak_or_ambiguous
4	0.9999879002571106	11.758227348327637	1.241175889968872	0.6694654860862393	0.6613834622654045	False	weak_or_ambiguous
5	0.9999673962593079	10.765620231628418	1.2411755323410034	0.6694654860862393	0.6613834622654045	False	weak_or_ambiguous
6	0.9998803734779358	9.042612075805664	0.021774897351861	0.6694654860862393	0.6613834622654045	False	weak_or_ambiguous
